{"cameraMode":{"drawMode":0,"name":"Shaded","section":"Shading Mode"},"sceneLighting":true,"audioPlay":false,"sceneViewState":{"m_AlwaysRefresh":false,"showFog":true,"showSkybox":true,"showFlares":true,"showImageEffects":true,"showParticleSystems":true,"showVisualEffectGraphs":true,"m_FxEnabled":true},"in2DMode":false,"pivot":{"x":-4.1019792556762699,"y":1.1093897819519044,"z":-0.5557951927185059},"rotation":{"x":-0.21349772810935975,"y":-0.32336878776550295,"z":0.07513874024152756,"w":-0.9188196063041687},"size":1.5857923030853272,"orthographic":false}